MAE,MSE,RMSE,R2,train_name
172.8826141357422,378964.5,615.6009259252296,-0.4512753486633301,django
