MAE,MSE,RMSE,R2,train_name
409.45458984375,2168738.5,1472.6637430180726,-0.056449294090270996,django
