MAE,MSE,RMSE,R2,train_name
194.28549194335938,389647.09375,624.2171847602403,-0.49218523502349854,django
