MAE,MSE,RMSE,R2,train_name
420.0801696777344,3457478.0,1859.4294823950706,-0.04329657554626465,opencv
