MAE,RMSE,R2,Accuracy,F1,Precision,Recall
261.7488368423088,892.0783457730561,-0.08220481562477433,0.8247582205029014,0.9039643841424635,0.8247582205029014,1.0
