MAE,MSE,RMSE,R2,train_name
419.0141906738281,2207415.0,1485.737190757504,-0.07528960704803467,opencv
