MAE,MSE,RMSE,R2,train_name
138.4770965576172,276982.5,526.2912691656588,-0.06072700023651123,opencv
