MAE,MSE,RMSE,R2,train_name
309.4647521972656,14618954.0,3823.474074712682,-54.98447036743164,django
