MAE,MSE,RMSE,R2,train_name
143.33462524414062,630579.1875,794.0901633315955,-6.199747085571289,opencv
