MAE,RMSE,R2,Accuracy,F1,Precision,Recall
258.40882442151076,1031.5128746935666,-0.05096291578204615,0.6657312129716245,0.7993260950954699,0.6657312129716245,1.0
