MAE,MSE,RMSE,R2,train_name
139.53750610351562,366738.75,605.5895887480233,-3.1873035430908203,django
