MAE,MSE,RMSE,R2,train_name
380.1130676269531,20016118.0,4473.937639261415,-227.53750610351562,django
