MAE,MSE,RMSE,R2,train_name
414.166259765625,2186694.5,1478.747612001453,-0.06519615650177002,opencv
