MAE,MSE,RMSE,R2,train_name
100.86518859863281,64065.42578125,253.11148883693525,0.26852184534072876,opencv
