MAE,MSE,RMSE,R2,train_name
2484.39892578125,817357312.0,28589.46155491565,-245.63816833496094,django
