MAE,MSE,RMSE,R2,train_name
434.371337890625,2475900.5,1573.4994439147413,-0.20607590675354004,django
