MAE,MSE,RMSE,R2,train_name
989.5145874023438,114537832.0,10702.234906784657,-54.794376373291016,django
