MAE,MSE,RMSE,R2,train_name
430.3385009765625,3986925.75,1996.7287622508973,-0.20305776596069336,opencv
