MAE,MSE,RMSE,R2
249.46292114257812,678835.1875,823.9145510913131,0.07490760087966919
