MAE,MSE,RMSE,R2
233.87098693847656,691128.9375,831.3416490829748,0.05815410614013672
