MAE,MSE,RMSE,R2
233.0328369140625,654590.4375,809.0676346882256,0.10794752836227417
