MAE,MSE,RMSE,R2,train_name
143.18663024902344,263581.3125,513.4017067560255,-0.009406089782714844,opencv
