MAE,MSE,RMSE,R2,train_name
433.131103515625,3451306.5,1857.76922678787,-0.041434288024902344,django
