MAE,MSE,RMSE,R2
188.01309204101562,538374.0625,733.7397784637276,0.10557931661605835
