MAE,MSE,RMSE,R2
192.857177734375,589097.75,767.5270353544557,0.021310150623321533
