MAE,MSE,RMSE,R2
223.3616180419922,1180275.625,1086.4049084020194,-0.960835337638855
