MAE,MSE,RMSE,R2,train_name
418.2671813964844,3458551.25,1859.7180565881486,-0.04362046718597412,django
