MAE,MSE,RMSE,R2,train_name
114.08816528320312,86487.8046875,294.08809001300955,0.012510478496551514,opencv
