MAE,MSE,RMSE,R2,train_name
408.79656982421875,2154082.5,1467.6792905808816,-0.04930996894836426,opencv
