MAE,MSE,RMSE,R2,train_name
126.61378479003906,277718.0,526.9895634640216,-0.06354367733001709,opencv
