MAE,MSE,RMSE,R2,train_name
424.0909423828125,3738312.75,1933.4716832682086,-0.12803852558135986,opencv
