MAE,MSE,RMSE,R2,train_name
118.9581527709961,104314.5,322.9775533996132,-0.19102895259857178,django
